{"content":[{"id":"217f9ba3","settings":{"mangocube_pro_live_btn_text":"Live Copy","mangocube_pro_live_btn_after_copy_text":"Copied","mangocube_pro_live_link":"#","woo_ready_pro_conditional_content_list":[]},"elements":[{"id":"3828734f","settings":{"_column_size":100,"_inline_size":null},"elements":[{"id":"1ee90041","settings":{"html":" <button class='wready-product-compare'>Show Modal<\/button>","woo_ready_pro_protected_button_text":"Submit"},"elements":[],"isInner":false,"widgetType":"html","elType":"widget"},{"id":"5032e241","settings":{"shortcode":"[products]","woo_ready_pro_protected_button_text":"Submit"},"elements":[],"isInner":false,"widgetType":"shortcode","elType":"widget"}],"isInner":false,"elType":"column"}],"isInner":false,"elType":"section"}],"settings":{"template":"templates\/template-full-width.php"},"metadata":[]}