{"content":[{"id":"472f1b23","settings":{"mangocube_pro_live_btn_text":"Live Copy","mangocube_pro_live_btn_after_copy_text":"Copied","mangocube_pro_live_link":"#","woo_ready_pro_conditional_content_list":[],"margin":{"unit":"px","top":"0","right":0,"bottom":"0","left":0,"isLinked":false},"padding":{"unit":"px","top":"0","right":"0","bottom":"0","left":"0","isLinked":false}},"elements":[{"id":"11c611ca","settings":{"_column_size":100,"_inline_size":null},"elements":[{"id":"7b659e88","settings":{"title":"Add Your Heading Text Here","woo_ready_pro_protected_button_text":"Submit"},"elements":[],"isInner":false,"widgetType":"heading","elType":"widget"},{"id":"58c776ca","settings":{"image_size":"thumbnail","woo_ready_pro_protected_button_text":"Submit","__dynamic__":{"image":"[elementor-tag id=\"9356ac3\" name=\"wready-post-featured-image\" settings=\"%7B%7D\"]"}},"elements":[],"isInner":false,"widgetType":"image","elType":"widget"},{"id":"49f8addc","settings":{"woo_ready_pro_protected_button_text":"Submit","add_to_cart_input":"block","variable_stock_input":"block","variable_desc_input":"block","add_to_cart_attr_select_fld":"block","add_to_cart_var_attr_select_fld":"block"},"elements":[],"isInner":false,"widgetType":"product_add_to_cart","elType":"widget"},{"id":"437599d7","settings":{"review_form_section":"review ","woo_ready_pro_protected_button_text":"Submit"},"elements":[],"isInner":false,"widgetType":"product_rating","elType":"widget"}],"isInner":false,"elType":"column"}],"isInner":false,"elType":"section"}],"settings":{"template":"elementor_header_footer"},"metadata":[]}