{"content":[{"id":"23682c2","settings":{"mangocube_pro_live_btn_text":"Live Copy","mangocube_pro_live_btn_after_copy_text":"Copied","mangocube_pro_live_link":"#","woo_ready_pro_conditional_content_list":[]},"elements":[{"id":"656e97a8","settings":{"_column_size":100,"_inline_size":null},"elements":[{"id":"411adf60","settings":{"woo_ready_pro_protected_button_text":"Submit","limit":6,"cols":3},"elements":[],"isInner":false,"widgetType":"general_visited_product","elType":"widget"}],"isInner":false,"elType":"column"}],"isInner":false,"elType":"section"}],"settings":{"template":"elementor_header_footer","wr_page_login_redirect_enable":"yes","hide_title":"yes","wready_page_banner_enable":"yes","wready_page_banner_title":"Page Title adsadsd"},"metadata":[]}