{"content":[{"id":"6e73ed8e","settings":{"mangocube_pro_live_btn_text":"Live Copy","mangocube_pro_live_btn_after_copy_text":"Copied","mangocube_pro_live_link":"#","woo_ready_pro_conditional_content_list":[]},"elements":[{"id":"7a06646","settings":{"_column_size":100,"_inline_size":null},"elements":[{"id":"3fc8905f","settings":{"woo_ready_pro_protected_button_text":"Submit","__dynamic__":{"rating":"[elementor-tag id=\"2d5dbb4\" name=\"wready-product-number\" settings=\"%7B%22param_name%22%3A%22get_review_count%22%7D\"]"}},"elements":[],"isInner":false,"widgetType":"star-rating","elType":"widget"},{"id":"69e44461","settings":{"layout":"full_width","structure":"20","mangocube_pro_live_btn_text":"Live Copy","mangocube_pro_live_btn_after_copy_text":"Copied","mangocube_pro_live_link":"#","woo_ready_pro_conditional_content_list":[]},"elements":[{"id":"ea1296","settings":{"_column_size":50,"_inline_size":null},"elements":[{"id":"42a82e69","settings":{"title_text":"This is the heading","description_text":"Lorem ipsum dolor sit amet, consectetur adipiscing elit. Ut elit tellus, luctus nec ullamcorper mattis, pulvinar dapibus leo.","woo_ready_pro_protected_button_text":"Submit"},"elements":[],"isInner":false,"widgetType":"icon-box","elType":"widget"}],"isInner":true,"elType":"column"},{"id":"740d3a57","settings":{"_column_size":50,"_inline_size":null},"elements":[{"id":"15a4ec2b","settings":{"alert_title":"This is an Alert","alert_description":"I am a description. Click the edit button to change this text.","woo_ready_pro_protected_button_text":"Submit"},"elements":[],"isInner":false,"widgetType":"alert","elType":"widget"}],"isInner":true,"elType":"column"}],"isInner":true,"elType":"section"}],"isInner":false,"elType":"column"}],"isInner":false,"elType":"section"}],"settings":[],"metadata":[]}