{"content":[{"id":"79f061f8","settings":{"mangocube_pro_live_btn_text":"Live Copy","mangocube_pro_live_btn_after_copy_text":"Copied","mangocube_pro_live_link":"#","woo_ready_pro_conditional_content_list":[]},"elements":[{"id":"27768f78","settings":{"_column_size":100,"_inline_size":null},"elements":[{"id":"3f385dab","settings":{"alert_title":"This is Alert","alert_description":"I am description. Click edit button to change this text.","woo_ready_pro_protected_button_text":"Submit"},"elements":[],"isInner":false,"widgetType":"alert2","elType":"widget"}],"isInner":false,"elType":"column"}],"isInner":false,"elType":"section"}],"settings":[],"metadata":[]}