{"content":[{"id":"2b812bb7","settings":{"structure":"20","mangocube_pro_live_btn_text":"Live Copy","mangocube_pro_live_btn_after_copy_text":"Copied","mangocube_pro_live_link":"#","woo_ready_pro_conditional_content_list":[]},"elements":[{"id":"31e42950","settings":{"_column_size":50,"_inline_size":76.552},"elements":[{"id":"2ccb93f8","settings":{"shortcode":"[products]","woo_ready_pro_protected_button_text":"Submit"},"elements":[],"isInner":false,"widgetType":"shortcode","elType":"widget"}],"isInner":false,"elType":"column"},{"id":"19c7111a","settings":{"_column_size":50,"_inline_size":23.364},"elements":[],"isInner":false,"elType":"column"}],"isInner":false,"elType":"section"}],"settings":[],"metadata":[]}