{"content":[{"id":"7cc1ee4","settings":[],"elements":[{"id":"5a106282","settings":{"_column_size":100,"_inline_size":null},"elements":[{"id":"16c278e6","settings":{"title":"MY Account Woo Ready"},"elements":[],"isInner":false,"widgetType":"heading","elType":"widget"}],"isInner":false,"elType":"column"}],"isInner":false,"elType":"section"},{"id":"6d54215c","settings":[],"elements":[{"id":"42ee9e21","settings":{"_column_size":100,"_inline_size":null},"elements":[{"id":"afc2866","settings":{"account_navigation_WrTitleItemStyle_text_color":"#BC9F9F","account_navigation_WrContainerStyle_background_background":"classic","account_navigation_WrContainerStyle_background_color":"#CC3B3B","account_navigation_WrTitleLinkStyle_text_color":"#D5D5D5","account_navigation_WrTitleItemStyle_alignment":"right","account_navigation_WrTitleItemStyle_padding":{"unit":"px","top":"10","right":"0","bottom":"10","left":"0","isLinked":false},"account_navigation_WrTitleItemStyle_section___section_show_hide_swr_ele_display":"flex","account_navigation_WrTitleItemStyle_section___section_flex_direction_swr_ele_display":"column","account_navigation_WrTitleItemStyle_section_align_sessction_e_swr_ele_flex_align":"center","nv_wr_entrance_animation":"slideInLeft","nv_wr_hover_animation":"skew","account_navigation_WrContainerStyle_section___section_show_hide_s_woo_ready__display":"flex","account_navigation_WrContainerStyle_section___section_flex_direction_s_woo_ready__display":"row","account_navigation_WrContainerStylemain_section_s_woo_ready__flex_gap":{"unit":"px","size":46,"sizes":[]},"account_navigation_WrActiveLinkStyle_typography_typography":"custom","account_navigation_WrActiveLinkStyle_typography_font_size":{"unit":"px","size":38,"sizes":[]},"account_navigation_WrActiveLinkStyle_text_color":"#C0D3D2","account_navigation_WrActiveLinkStyletext_shadow__text_shadow_type":"yes","account_navigation_WrActiveLinkStyletext_shadow__text_shadow":{"horizontal":0,"vertical":0,"blur":33,"color":"rgba(0,0,0,0.3)"},"account_navigation_WrActiveLinkStyletext_background_background":"classic","account_navigation_WrActiveLinkStyletext_background_color":"#070202","account_navigation_WrActiveLinkStyle_radius":{"unit":"px","top":"3","right":"3","bottom":"3","left":"3","isLinked":true},"nav_icon":{"value":"far fa-check-circle","library":"fa-regular"}},"elements":[],"isInner":false,"widgetType":"account_navigation","elType":"widget"}],"isInner":false,"elType":"column"}],"isInner":false,"elType":"section"},{"id":"61dc4184","settings":[],"elements":[{"id":"4671c26","settings":{"_column_size":100,"_inline_size":null},"elements":[{"id":"6283ceda","settings":{"hello_text":"Hello","logout_text":"logout","account_dashboard_WrContainerStyle_section___section_show_hide_s_woo_ready__display":"flex","account_dashboard_WrContainerStyle_section___section_flex_direction_s_woo_ready__display":"row","account_dashboard_WrContainerStyle_section__s_section_flex_wrap_s_woo_ready__display":"wrap","account_dashboard_WrContainerStyle_section_align_sessction_e_s_woo_ready__flex_align":"flex-start","account_dashboard_WrContainerStyleer_section_align_items_ssection_e_s_woo_ready__flex_align":"center","content_type":"customer-details","account_dashboard_WrLinkItemStyle_typography_typography":"custom","account_dashboard_WrLinkItemStyle_typography_font_family":"Tahoma","account_dashboard_WrLinkItemStyle_typography_font_weight":"800","account_dashboard_WrLinkItemStyle_text_color":"#E11818","account_dashboard_WrLinkItemStylemain_section_swr_ele_r_itemdsd_el__width":{"unit":"px","size":120,"sizes":[]},"account_dashboard_WrLinkStrongStyle_stypography_typography":"custom","account_dashboard_WrLinkStrongStyle_stypography_font_size":{"unit":"px","size":28,"sizes":[]},"account_dashboard_WrLinkStrongStyle_text_color":"#FF0000","account_dashboard_WrTextStyle_typography_typography":"custom","account_dashboard_WrTextStyle_typography_font_size":{"unit":"px","size":19,"sizes":[]},"account_dashboard_WrTextStyle_text_color":"#D20000","account_dashboard_WrContainerStyle_text_color":"#EF0808","logout_link_text":"logout","order_link_text":"Orders","account_link_text":"Account","address_link_text":"Address","custom_dashboard_content":"use this variable in textarea {{ edit_account_link }}, {{ edit_address_link }}, {{ orders_link }}, {{ logout_link }}"},"elements":[],"isInner":false,"widgetType":"account_dashboard","elType":"widget"}],"isInner":false,"elType":"column"}],"isInner":false,"elType":"section"},{"id":"ad7fc37","settings":[],"elements":[{"id":"3834220d","settings":{"_column_size":100,"_inline_size":null},"elements":[{"id":"ac1d35d","settings":{"hello_text":"Hello","logout_text":"Order","content_type":"default_order","account_dashboard_WrLinkItemStyle_text_color":"#3D00FF","account_dashboard_WrContainerStyle_text_color":"#E90505","account_dashboard_WrContainerStyle_alignment":"left","custom_dashboard_content":"use this variable in textarea {{ edit_account_link }}, {{ edit_address_link }}, {{ orders_link }}, {{ logout_link }}","logout_link_text":"logout","order_link_text":"Orders","account_link_text":"Account sdsd","address_link_text":"Address"},"elements":[],"isInner":false,"widgetType":"account_dashboard","elType":"widget"}],"isInner":false,"elType":"column"}],"isInner":false,"elType":"section"}],"settings":[],"metadata":[]}