{"content":[{"id":"579ce9c6","settings":[],"elements":[{"id":"2e42236f","settings":{"_column_size":100,"_inline_size":null},"elements":[{"id":"7022815e","settings":{"shortcode":"[shop_messages]"},"elements":[],"isInner":false,"widgetType":"shortcode","elType":"widget"}],"isInner":false,"elType":"column"}],"isInner":false,"elType":"section"},{"id":"185ef5e9","settings":[],"elements":[{"id":"6b89dbf3","settings":{"_column_size":100,"_inline_size":null},"elements":[{"id":"7da23aa4","settings":{"account_navigation_WrTitleItemStyle_text_color":"#BC9F9F","account_navigation_WrContainerStyle_background_background":"classic","account_navigation_WrContainerStyle_background_color":"#CC3B3B","account_navigation_WrTitleLinkStyle_text_color":"#D5D5D5","account_navigation_WrTitleItemStyle_alignment":"right","account_navigation_WrTitleItemStyle_padding":{"unit":"px","top":"10","right":"0","bottom":"10","left":"0","isLinked":false},"account_navigation_WrTitleItemStyle_section___section_show_hide_swr_ele_display":"flex","account_navigation_WrTitleItemStyle_section___section_flex_direction_swr_ele_display":"column","account_navigation_WrTitleItemStyle_section_align_sessction_e_swr_ele_flex_align":"center","nv_wr_entrance_animation":"slideInLeft","nv_wr_hover_animation":"skew","account_navigation_WrContainerStyle_section___section_show_hide_s_woo_ready__display":"flex","account_navigation_WrContainerStyle_section___section_flex_direction_s_woo_ready__display":"row","account_navigation_WrContainerStylemain_section_s_woo_ready__flex_gap":{"unit":"px","size":46,"sizes":[]},"account_navigation_WrActiveLinkStyle_typography_typography":"custom","account_navigation_WrActiveLinkStyle_typography_font_size":{"unit":"px","size":38,"sizes":[]},"account_navigation_WrActiveLinkStyle_text_color":"#C0D3D2","account_navigation_WrActiveLinkStyletext_shadow__text_shadow_type":"yes","account_navigation_WrActiveLinkStyletext_shadow__text_shadow":{"horizontal":0,"vertical":0,"blur":33,"color":"rgba(0,0,0,0.3)"},"account_navigation_WrActiveLinkStyletext_background_background":"classic","account_navigation_WrActiveLinkStyletext_background_color":"#070202","account_navigation_WrActiveLinkStyle_radius":{"unit":"px","top":"3","right":"3","bottom":"3","left":"3","isLinked":true},"nav_icon":{"value":"far fa-check-circle","library":"fa-regular"}},"elements":[],"isInner":false,"widgetType":"account_navigation","elType":"widget"}],"isInner":false,"elType":"column"}],"isInner":false,"elType":"section"},{"id":"3fd50796","settings":[],"elements":[{"id":"6bd40158","settings":{"_column_size":100,"_inline_size":null},"elements":[{"id":"7497c6f7","settings":{"nav_icon":{"value":"far fa-arrow-alt-circle-down","library":"fa-regular"},"icon_align":"left","empty_download_msg":"No downloads available yet","browse_product":"Browse products","shop_link":{"url":"https:\/\/localhost\/wp\/plugin\/product\/album\/","is_external":"","nofollow":"","custom_attributes":""},"heading_icon":{"value":"far fa-address-card","library":"fa-regular"},"template_id":"10","editor_sample_product":"yes","account_downloads_MsgIconBoxStyle_text_color":"#9E7373"},"elements":[],"isInner":false,"widgetType":"account_downloads","elType":"widget"}],"isInner":false,"elType":"column"}],"isInner":false,"elType":"section"}],"settings":[],"metadata":[]}