{"content":[{"id":"3a6b3ff1","settings":[],"elements":[{"id":"32fd76f3","settings":{"_column_size":100,"_inline_size":null},"elements":[{"id":"48249338","settings":{"title":"Woo Ready Account Order"},"elements":[],"isInner":false,"widgetType":"heading","elType":"widget"}],"isInner":false,"elType":"column"}],"isInner":false,"elType":"section"},{"id":"f53f79c","settings":[],"elements":[{"id":"222a5952","settings":{"_column_size":100,"_inline_size":null},"elements":[{"id":"55603f00","settings":{"account_navigation_WrTitleItemStyle_text_color":"#BC9F9F","account_navigation_WrContainerStyle_background_background":"classic","account_navigation_WrContainerStyle_background_color":"#CC3B3B","account_navigation_WrTitleLinkStyle_text_color":"#D5D5D5","account_navigation_WrTitleItemStyle_alignment":"right","account_navigation_WrTitleItemStyle_padding":{"unit":"px","top":"10","right":"0","bottom":"10","left":"0","isLinked":false},"account_navigation_WrTitleItemStyle_section___section_show_hide_swr_ele_display":"flex","account_navigation_WrTitleItemStyle_section___section_flex_direction_swr_ele_display":"column","account_navigation_WrTitleItemStyle_section_align_sessction_e_swr_ele_flex_align":"center","nv_wr_entrance_animation":"slideInLeft","nv_wr_hover_animation":"skew","account_navigation_WrContainerStyle_section___section_show_hide_s_woo_ready__display":"flex","account_navigation_WrContainerStyle_section___section_flex_direction_s_woo_ready__display":"row","account_navigation_WrContainerStylemain_section_s_woo_ready__flex_gap":{"unit":"px","size":46,"sizes":[]},"account_navigation_WrActiveLinkStyle_typography_typography":"custom","account_navigation_WrActiveLinkStyle_typography_font_size":{"unit":"px","size":38,"sizes":[]},"account_navigation_WrActiveLinkStyle_text_color":"#C0D3D2","account_navigation_WrActiveLinkStyletext_shadow__text_shadow_type":"yes","account_navigation_WrActiveLinkStyletext_shadow__text_shadow":{"horizontal":0,"vertical":0,"blur":33,"color":"rgba(0,0,0,0.3)"},"account_navigation_WrActiveLinkStyletext_background_background":"classic","account_navigation_WrActiveLinkStyletext_background_color":"#070202","account_navigation_WrActiveLinkStyle_radius":{"unit":"px","top":"3","right":"3","bottom":"3","left":"3","isLinked":true},"nav_icon":{"value":"far fa-check-circle","library":"fa-regular"}},"elements":[],"isInner":false,"widgetType":"account_navigation","elType":"widget"}],"isInner":false,"elType":"column"}],"isInner":false,"elType":"section"},{"id":"674c42e4","settings":[],"elements":[{"id":"7de824b4","settings":{"_column_size":100,"_inline_size":null},"elements":[{"id":"5f663bc4","settings":{"icon_color":"#A85959","account_orders_WrBodyRcolStyletext_background_background":"classic","account_orders_WrBodyRcolStyletext_background_color":"#CA4A4A","account_orders_WrPageLinklStyle_text_color":"#EEE8E8","account_orders_MsgPageiboxStyle_background_color":"#7F2626","account_orders_MsgPageiboxStyle_section___section_show_hide_msg_pagei_woo_ready___display":"flex","account_orders_MsgPageiboxStyle_section___section_flex_direction_msg_pagei_woo_ready___display":"row","account_orders_MsgPageiboxStyle_section___section_flex_wrap_msg_pagei_woo_ready___display":"wrap","account_orders_MsgPageiboxStyle_section_align_section_e_msg_pagei_woo_ready___flex_align":"space-between","account_orders_MsgPageiboxStyle_section_align_items_section_e_msg_pagei_woo_ready___flex_align":"flex-end","preset":"woo-ready-account-order-preset-2","account_orders_WrBrowsePrLinkStyle_text_color":"#A704AE","order_label":"Order sd","date_label":"Date","status_label":"Status","total_label":"Total","order_pay":"Pay u","order_view":"View u","order_cancel":"Cancel u","page_number":2,"action_label":"Actions","account_orders_WrOrderViewLinkStyle_typography_font_size":{"unit":"px","size":23,"sizes":[]},"account_orders_WrOrderViewLinkStyle_text_color":"#F215D3","account_orders_WrOrderViewLinkStyletext_shadow__text_shadow_type":"yes","account_orders_WrOrderViewLinkStyletext_shadow__text_shadow":{"horizontal":0,"vertical":0,"blur":55,"color":"rgba(0,0,0,0.3)"},"account_orders_NoOrderBoxStyle_text_color":"#E90D0D","no_order_template_id":"84","no_order_message":"No order has been made yet.","browse_product":"Browse products"},"elements":[],"isInner":false,"widgetType":"account_orders","elType":"widget"}],"isInner":false,"elType":"column"}],"isInner":false,"elType":"section"}],"settings":[],"metadata":[]}