{"content":[{"id":"37e46b6f","settings":[],"elements":[{"id":"3695af82","settings":{"_column_size":100,"_inline_size":null},"elements":[{"id":"4317f16a","settings":{"title":"Woo Ready Account addrees"},"elements":[],"isInner":false,"widgetType":"heading","elType":"widget"}],"isInner":false,"elType":"column"}],"isInner":false,"elType":"section"},{"id":"d8da353","settings":[],"elements":[{"id":"1b15bfd","settings":{"_column_size":100,"_inline_size":null},"elements":[{"id":"84a3a6d","settings":{"account_navigation_WrTitleItemStyle_text_color":"#BC9F9F","account_navigation_WrContainerStyle_background_background":"classic","account_navigation_WrContainerStyle_background_color":"#CC3B3B","account_navigation_WrTitleLinkStyle_text_color":"#D5D5D5","account_navigation_WrTitleItemStyle_alignment":"right","account_navigation_WrTitleItemStyle_padding":{"unit":"px","top":"10","right":"0","bottom":"10","left":"0","isLinked":false},"account_navigation_WrTitleItemStyle_section___section_show_hide_swr_ele_display":"flex","account_navigation_WrTitleItemStyle_section___section_flex_direction_swr_ele_display":"column","account_navigation_WrTitleItemStyle_section_align_sessction_e_swr_ele_flex_align":"center","nv_wr_entrance_animation":"slideInLeft","nv_wr_hover_animation":"skew","account_navigation_WrContainerStyle_section___section_show_hide_s_woo_ready__display":"flex","account_navigation_WrContainerStyle_section___section_flex_direction_s_woo_ready__display":"row","account_navigation_WrContainerStylemain_section_s_woo_ready__flex_gap":{"unit":"px","size":46,"sizes":[]},"account_navigation_WrActiveLinkStyle_typography_typography":"custom","account_navigation_WrActiveLinkStyle_typography_font_size":{"unit":"px","size":38,"sizes":[]},"account_navigation_WrActiveLinkStyle_text_color":"#C0D3D2","account_navigation_WrActiveLinkStyletext_shadow__text_shadow_type":"yes","account_navigation_WrActiveLinkStyletext_shadow__text_shadow":{"horizontal":0,"vertical":0,"blur":33,"color":"rgba(0,0,0,0.3)"},"account_navigation_WrActiveLinkStyletext_background_background":"classic","account_navigation_WrActiveLinkStyletext_background_color":"#070202","account_navigation_WrActiveLinkStyle_radius":{"unit":"px","top":"3","right":"3","bottom":"3","left":"3","isLinked":true},"nav_icon":{"value":"far fa-check-circle","library":"fa-regular"}},"elements":[],"isInner":false,"widgetType":"account_navigation","elType":"widget"}],"isInner":false,"elType":"column"}],"isInner":false,"elType":"section"},{"id":"3131f4c8","settings":[],"elements":[{"id":"4fae59a","settings":{"_column_size":100,"_inline_size":null},"elements":[{"id":"10648230","settings":{"shortcode":"[shop_messages]"},"elements":[],"isInner":false,"widgetType":"shortcode","elType":"widget"}],"isInner":false,"elType":"column"}],"isInner":false,"elType":"section"},{"id":"41aec2e5","settings":[],"elements":[{"id":"24c568c1","settings":{"_column_size":100,"_inline_size":null},"elements":[{"id":"74b2255e","settings":{"hello_text":"Hello","custom_dashboard_content":"use this variable in textarea {{ edit_account_link }}, {{ edit_address_link }}, {{ orders_link }}, {{ logout_link }}","logout_text":"logout","logout_link_text":"logout","template_id":"10","template_footer_id":"10","billing_heading_text":"WR Billing address  ","custom_info_content":"The following addresses will be used on the checkout page by default.","shipping_heading_text":"WR Shipping address","edit_text":"Edit","add_text":"add address","add_not_set_info":"You have not set up this type of address yet. @","template_form_id":"84","editor_section":"yes","template_footer_form_id":"84","account_edit_address_WrFormiForm-inputStyleinput_bo_text_color":"#C50F0F","account_edit_address_WrFormiForm-inputStyleinput_box_border_border":"solid","account_edit_address_WrFormiForm-inputStyleinput_box_border_width":{"unit":"px","top":"5","right":"5","bottom":"5","left":"5","isLinked":true},"account_edit_address_WrFormiForm-inputStyleinput_box_border_color":"#6B0808","account_edit_address_WrFormiForm-selectStyleinput_bo_text_color":"#D71F1F","account_edit_address_WrFormiForm-selectStyleinput_box_hover_color":"#5002AA","account_edit_address_WrFormiForm-selectStyle_typography_typography":"custom","account_edit_address_WrFormiForm-selectStyle_typography_font_size":{"unit":"px","size":11,"sizes":[]},"account_edit_address_WrFormiForm-selectStyle_text_color":"#CC1919","account_edit_address_WrFormiForm-selectStyletext_shadow__text_shadow_type":"yes","account_edit_address_WrFormiForm-selectStyletext_shadow__text_shadow":{"horizontal":0,"vertical":0,"blur":31,"color":"rgba(0,0,0,0.3)"},"save_text":"Save","button_top":"yes","account_edit_address_WrFormiForm-selectStyle_section___section_show_hide_swr_eleform-select_display":"flex","account_edit_address_WrFormiForm-selectStyle_section___section_flex_direction_swr_eleform-select_display":"column-reverse","account_edit_address_WrFormiForm-selectStyle_section__s_section_flexr_wrap_swr_eleform-select_display":"wrap-reverse","account_edit_address_WrFormiForm-selectStyle_section_align_sessctionr_e_swr_eleform-select_flex_align":"flex-end","account_edit_address_WrFormiForm-selectStyleer_section_align_items_rssection_e_swr_eleform-select_flex_align":"flex-end","account_edit_address_WrFormiForm-selectStyle_section___section_popover_swr_eleform-select_position":"yes","account_edit_address_WrFormiForm-selectStyle_section__swr_eleform-select_position_type":"relative","account_edit_address_WrFormiForm-selectStylemain_section_swr_eleform-select_r_position_right":{"unit":"px","size":0,"sizes":[]},"account_edit_address_WrFormiForm-saveerwStyle_section___section_show_hide_swr_eleform-btn_display":"flex","account_edit_address_WrFormiForm-saveerwStyle_section___section_flex_direction_swr_eleform-btn_display":"row","account_edit_address_WrFormiForm-saveerwStyle_section___section_flex_wrap_swr_eleform-btn_display":"wrap","account_edit_address_WrFormiForm-saveerwStyle_section_align_section_e_swr_eleform-btn_flex_align":"flex-end"},"elements":[],"isInner":false,"widgetType":"account_edit_address","elType":"widget"}],"isInner":false,"elType":"column"}],"isInner":false,"elType":"section"}],"settings":[],"metadata":[]}