{"content":[{"id":"21e28cc0","settings":[],"elements":[{"id":"1495768c","settings":{"_column_size":100,"_inline_size":null},"elements":[{"id":"22de1dfd","settings":{"account_navigation_WrTitleItemStyle_text_color":"#BC9F9F","account_navigation_WrContainerStyle_background_background":"classic","account_navigation_WrContainerStyle_background_color":"#CC3B3B","account_navigation_WrTitleLinkStyle_text_color":"#D5D5D5","account_navigation_WrTitleItemStyle_alignment":"right","account_navigation_WrTitleItemStyle_padding":{"unit":"px","top":"10","right":"0","bottom":"10","left":"0","isLinked":false},"account_navigation_WrTitleItemStyle_section___section_show_hide_swr_ele_display":"flex","account_navigation_WrTitleItemStyle_section___section_flex_direction_swr_ele_display":"column","account_navigation_WrTitleItemStyle_section_align_sessction_e_swr_ele_flex_align":"center","nv_wr_entrance_animation":"slideInLeft","nv_wr_hover_animation":"skew","account_navigation_WrContainerStyle_section___section_show_hide_s_woo_ready__display":"flex","account_navigation_WrContainerStyle_section___section_flex_direction_s_woo_ready__display":"row","account_navigation_WrContainerStylemain_section_s_woo_ready__flex_gap":{"unit":"px","size":46,"sizes":[]},"account_navigation_WrActiveLinkStyle_typography_typography":"custom","account_navigation_WrActiveLinkStyle_typography_font_size":{"unit":"px","size":38,"sizes":[]},"account_navigation_WrActiveLinkStyle_text_color":"#C0D3D2","account_navigation_WrActiveLinkStyletext_shadow__text_shadow_type":"yes","account_navigation_WrActiveLinkStyletext_shadow__text_shadow":{"horizontal":0,"vertical":0,"blur":33,"color":"rgba(0,0,0,0.3)"},"account_navigation_WrActiveLinkStyletext_background_background":"classic","account_navigation_WrActiveLinkStyletext_background_color":"#070202","account_navigation_WrActiveLinkStyle_radius":{"unit":"px","top":"3","right":"3","bottom":"3","left":"3","isLinked":true},"nav_icon":{"value":"far fa-check-circle","library":"fa-regular"}},"elements":[],"isInner":false,"widgetType":"account_navigation","elType":"widget"}],"isInner":false,"elType":"column"}],"isInner":false,"elType":"section"},{"id":"2d14e5a4","settings":[],"elements":[{"id":"2f90f382","settings":{"_column_size":100,"_inline_size":null},"elements":[{"id":"7c1518df","settings":{"shortcode":"[shop_messages]"},"elements":[],"isInner":false,"widgetType":"shortcode","elType":"widget"}],"isInner":false,"elType":"column"}],"isInner":false,"elType":"section"},{"id":"1813a7cb","settings":[],"elements":[{"id":"41d101a4","settings":{"_column_size":100,"_inline_size":null},"elements":[{"id":"30c70207","settings":{"heading_text":"Account Details","show_form":"yes","save_text":"Save","button_top":"yes","account_edit_account_WrFormiForm-labelStyle_typography_typography":"custom","account_edit_account_WrFormiForm-labelStyle_typography_font_size":{"unit":"px","size":13,"sizes":[]},"account_edit_account_WrFormiForm-labelStyle_text_color":"#C83030","account_edit_account_WrFormiForm-labelStyle_section___section_show_hide_swr_eleform-row_display":"flex","account_edit_account_WrFormiForm-labelStyle_section___section_flex_direction_swr_eleform-row_display":"row","account_edit_account_WrFormiForm-labelStyle_section__s_section_flexr_wrap_swr_eleform-row_display":"wrap","account_edit_account_WrFormiForm-labelStyle_section_align_sessctionr_e_swr_eleform-row_flex_align":"flex-start","account_edit_account_WrFormiForm-labelStyleer_section_align_items_rssection_e_swr_eleform-row_flex_align":"flex-start","account_edit_account_WrFormiForm-inputStyleinput_bo_text_color":"#B10909","account_edit_account_WrFormiForm-inputStyleinput_box_placeholder_color":"#BC1818","account_edit_account_WrFormiForm-inputStyleinput_box_height":{"unit":"px","size":39,"sizes":[]},"account_edit_account_WrFormiForm-selectStyleinput_bo_text_color":"#E61616","account_edit_account_WrFormiForm-saveerwStyle_section___section_show_hide_swr_eleform-btn_display":"flex","account_edit_account_WrFormiForm-saveerwStyle_section___section_flex_direction_swr_eleform-btn_display":"row","account_edit_account_WrFormiForm-saveerwStyle_section___section_flex_wrap_swr_eleform-btn_display":"wrap-reverse","account_edit_account_WrFormiForm-saveerwStyle_section_align_section_e_swr_eleform-btn_flex_align":"flex-end","account_edit_account_WrFormiForm-saveerwStyle_section_align_items_section_e_swr_eleform-btn_flex_align":"flex-start","account_edit_account_WrFormiForm-selectStyle_text_color":"#13D3D3","account_edit_account_WrFormiForm-selectStyletext_background_background":"classic","account_edit_account_WrFormiForm-selectStyletext_background_color":"#CB1111","account_edit_account_WrFormiForm-rowStyle_background_color":"#E42828","account_edit_account_WrFormiForm-rowStyle_section___section_flex_wrap_swr_eleform-row_display":"nowrap","account_edit_account_WrFormiForm-rowStyle_section_align_section_e_swr_eleform-row_flex_align":"space-around","account_edit_account_WrFormiForm-rowStyle_section_align_items_section_e_swr_eleform-row_flex_align":"flex-start","account_edit_account_WrFormiContainerStyle_background_color":"#D80F0F","account_edit_account_WrFormiPassAreaStyle_background_background":"classic","account_edit_account_WrFormiPassAreaStyle_border_border":"solid","account_edit_account_WrFormiPassAreaStyle_border_width":{"unit":"px","top":"0","right":"0","bottom":"0","left":"0","isLinked":true},"account_edit_account_WrFormiPassAreaStyle_border_color":"#EC2828","account_edit_account_WrFormiPassAreaStyle_radius":{"unit":"px","top":"4","right":"4","bottom":"4","left":"4","isLinked":false},"account_edit_account_WrFormiPassAreaStyle_margin":{"unit":"px","top":"0","right":"03","bottom":"0","left":"3","isLinked":false},"account_edit_account_WrFormiPassAreaStyle_padding":{"unit":"px","top":"4","right":"4","bottom":"4","left":"4","isLinked":true},"account_edit_account_WrFormiForm-lagenStyle_padding":{"unit":"px","top":"0","right":"30","bottom":"0","left":"20","isLinked":false},"account_edit_account_WrFormiForm-labelStyle_margin":{"unit":"px","top":"0","right":"0","bottom":"0","left":"0","isLinked":false},"account_edit_account_WrFormiForm-labelStyle_padding":{"unit":"px","top":"0","right":"0","bottom":"0","left":"0","isLinked":false},"account_edit_account_WrFormiForm-inputStyleinput_box_padding":{"unit":"px","top":"0","right":"0","bottom":"0","left":"0","isLinked":false},"account_edit_account_WrFormiForm-inputStyleinput_box_margin":{"unit":"px","top":"0","right":"0","bottom":"0","left":"0","isLinked":false},"account_edit_account_WrFormiForm-lagenStyle_section___section_show_hide_swr_eleform-legend_display":"none","account_edit_account_WrFormiForm-rowStyle_margin":{"unit":"px","top":"0","right":"0","bottom":"0","left":"0","isLinked":false},"account_edit_account_WrFormiForm-rowStyle_padding":{"unit":"px","top":"0","right":"0","bottom":"0","left":"0","isLinked":false},"disable_pass_area":"yes","display_name_info":"This will be how your name will be displayed in the account section and in reviews","account_edit_account_WrFormiForm-displayNameStyle_text_color":"#A71111","account_edit_account_WrFormiForm-displayNameStyle_section___section_show_hide_swr_eleform-row_display":"block"},"elements":[],"isInner":false,"widgetType":"account_edit_account","elType":"widget"}],"isInner":false,"elType":"column"}],"isInner":false,"elType":"section"}],"settings":[],"metadata":[]}