{"content":[{"id":"4a2f1d8f","settings":[],"elements":[{"id":"3b7ec3d7","settings":{"_column_size":100,"_inline_size":null},"elements":[{"id":"6fb4b79f","settings":{"account_navigation_WrTitleItemStyle_text_color":"#BC9F9F","account_navigation_WrContainerStyle_background_background":"classic","account_navigation_WrContainerStyle_background_color":"#CC3B3B","account_navigation_WrTitleLinkStyle_text_color":"#D5D5D5","account_navigation_WrTitleItemStyle_alignment":"right","account_navigation_WrTitleItemStyle_padding":{"unit":"px","top":"10","right":"0","bottom":"10","left":"0","isLinked":false},"account_navigation_WrTitleItemStyle_section___section_show_hide_swr_ele_display":"flex","account_navigation_WrTitleItemStyle_section___section_flex_direction_swr_ele_display":"column","account_navigation_WrTitleItemStyle_section_align_sessction_e_swr_ele_flex_align":"center","nv_wr_entrance_animation":"slideInLeft","nv_wr_hover_animation":"skew","account_navigation_WrContainerStyle_section___section_show_hide_s_woo_ready__display":"flex","account_navigation_WrContainerStyle_section___section_flex_direction_s_woo_ready__display":"row","account_navigation_WrContainerStylemain_section_s_woo_ready__flex_gap":{"unit":"px","size":46,"sizes":[]},"account_navigation_WrActiveLinkStyle_typography_typography":"custom","account_navigation_WrActiveLinkStyle_typography_font_size":{"unit":"px","size":38,"sizes":[]},"account_navigation_WrActiveLinkStyle_text_color":"#C0D3D2","account_navigation_WrActiveLinkStyletext_shadow__text_shadow_type":"yes","account_navigation_WrActiveLinkStyletext_shadow__text_shadow":{"horizontal":0,"vertical":0,"blur":33,"color":"rgba(0,0,0,0.3)"},"account_navigation_WrActiveLinkStyletext_background_background":"classic","account_navigation_WrActiveLinkStyletext_background_color":"#070202","account_navigation_WrActiveLinkStyle_radius":{"unit":"px","top":"3","right":"3","bottom":"3","left":"3","isLinked":true},"nav_icon":{"value":"far fa-check-circle","library":"fa-regular"}},"elements":[],"isInner":false,"widgetType":"account_navigation","elType":"widget"},{"id":"14db18d9","settings":{"shortcode":"[woo_ready_notice]"},"elements":[],"isInner":false,"widgetType":"shortcode","elType":"widget"}],"isInner":false,"elType":"column"}],"isInner":false,"elType":"section"},{"id":"6bb917fa","settings":[],"elements":[{"id":"69ac776a","settings":{"_column_size":100,"_inline_size":null},"elements":[{"id":"ed222c7","settings":{"account_order_view_notes_NoOrderItemStyle_background_background":"classic","account_order_view_notes_NoOrderItemStyle_background_color":"#DE171721","woo_ready_notice_myaccount_text":"My Account !","woo_ready_notice_invalid_text":"Invalid Order  !","account_order_view_notes_InvOrderErrBoxStyle_text_color":"#E21919"},"elements":[],"isInner":false,"widgetType":"account_order_view_notes","elType":"widget"}],"isInner":false,"elType":"column"}],"isInner":false,"elType":"section"},{"id":"6d319528","settings":[],"elements":[{"id":"1eaeade3","settings":{"_column_size":100,"_inline_size":null},"elements":[{"id":"25f62374","settings":[],"elements":[],"isInner":false,"widgetType":"account_order_again","elType":"widget"},{"id":"630bc8a7","settings":{"woo_ready_notice_myaccount_text":"My Account","woo_ready_notice_invalid_text":"Invalid Order ","account_order_view_InvOrderErrBoxStyle_alignment":"center","order_heading_product":"Product","order_heading_total":"Total","order_heading_note":"Note:"},"elements":[],"isInner":false,"widgetType":"account_order_view","elType":"widget"}],"isInner":false,"elType":"column"}],"isInner":false,"elType":"section"},{"id":"277bdde6","settings":[],"elements":[{"id":"15fc15ec","settings":{"_column_size":100,"_inline_size":null},"elements":[{"id":"66066455","settings":{"billing_heading_text":"Billing address ","shipping_heading_text":"Shipping adodress ","account_order_address_WrBillingTitleStyle_text_color":"#A56363","woo_ready_notice_myaccount_text":"My Account","woo_ready_notice_invalid_text":"Invalid Order  "},"elements":[],"isInner":false,"widgetType":"account_order_address","elType":"widget"}],"isInner":false,"elType":"column"}],"isInner":false,"elType":"section"},{"id":"5e9d4c2e","settings":[],"elements":[{"id":"630c84eb","settings":{"_column_size":100,"_inline_size":null},"elements":[{"id":"4e2d5180","settings":{"preset":"woo-ready-account-order-view-downlaod-preset-1","woo_ready_notice_myaccount_text":"My Account","woo_ready_notice_invalid_text":"Invalid Order ","account_order_downloads_WrTheadTdStyle_alignment":"left","account_order_downloads_WrTheadTdStyle_text_color":"#E50404"},"elements":[],"isInner":false,"widgetType":"account_order_downloads","elType":"widget"}],"isInner":false,"elType":"column"}],"isInner":false,"elType":"section"}],"settings":[],"metadata":[]}