{"content":[{"id":"787bf924","settings":{"structure":"20"},"elements":[{"id":"520c8e51","settings":{"_column_size":50,"_inline_size":null},"elements":[{"id":"2c1055d3","settings":{"cart_link_label":"Cart","checkout_label":"Cart","sub_total_label":"SubToal","show_cart_content":"yes"},"elements":[],"isInner":false,"widgetType":"checkout_cart","elType":"widget"},{"id":"707dbad1","settings":{"signup_link_label":"Create Account "},"elements":[],"isInner":false,"widgetType":"checkout_cart_sub_total","elType":"widget"},{"id":"2c36c2e8","settings":{"signup_link_label":"Create Account "},"elements":[],"isInner":false,"widgetType":"checkout_cart_shipping","elType":"widget"},{"id":"50cbaa49","settings":{"signup_link_label":"Create Account "},"elements":[],"isInner":false,"widgetType":"checkout_cart_tax","elType":"widget"},{"id":"729097a2","settings":{"signup_link_label":"Create Account "},"elements":[],"isInner":false,"widgetType":"checkout_cart_total","elType":"widget"},{"id":"506aaeb","settings":{"signup_link_label":"Create Account "},"elements":[],"isInner":false,"widgetType":"checkout_cart_fee","elType":"widget"}],"isInner":false,"elType":"column"},{"id":"715cfc","settings":{"_column_size":50,"_inline_size":null},"elements":[{"id":"584d65fe","settings":{"show_cart_content":"yes","cart_link_label":"Cart","checkout_label":"Cart","sub_total_label":"SubToal","cart_subtotal":"yes"},"elements":[],"isInner":false,"widgetType":"checkout_mini_cart","elType":"widget"},{"id":"65c2dd4e","settings":{"shortcode":"[add_to_cart id=\"17\"]"},"elements":[],"isInner":false,"widgetType":"shortcode","elType":"widget"}],"isInner":false,"elType":"column"}],"isInner":false,"elType":"section"},{"id":"3362a58b","settings":[],"elements":[{"id":"5a785239","settings":{"_column_size":100,"_inline_size":null},"elements":[{"id":"788f1612","settings":{"non_user_notice":"You must be logged in to checkout."},"elements":[],"isInner":false,"widgetType":"checkout_non_user_notice","elType":"widget"},{"id":"33bdae4f","settings":{"space":{"unit":"px","size":81,"sizes":[]},"_animation":"jello","animation_duration":"fast","_background_background":"classic","_background_color":"#C71919"},"elements":[],"isInner":false,"widgetType":"spacer","elType":"widget"},{"id":"2bda28d9","settings":{"signup_link_label":"Create Account"},"elements":[],"isInner":false,"widgetType":"checkout_login_form","elType":"widget"},{"id":"64429b8e","settings":{"shortcode":"[shop_messages]"},"elements":[],"isInner":false,"widgetType":"shortcode","elType":"widget"},{"id":"3cc803e9","settings":{"signup_link_label":"Create Account"},"elements":[],"isInner":false,"widgetType":"checkout_coupon","elType":"widget"},{"id":"64451197","settings":{"signup_link_label":"Create Account","show_non_user_notice":"yes","show_non_user_notice_enable":"","non_user_notice":"You must be logged in to checkout.","checkout_checkout_OembedTtiulSpaneBoxSpanStyle_alignment":"left","order_note_label":"Additional information","order_note_position":"address_center","enable_shipping_order_comment":"","order_button_text":"Buy Now","show_terms":""},"elements":[],"isInner":false,"widgetType":"checkout_checkout","elType":"widget"}],"isInner":false,"elType":"column"}],"isInner":false,"elType":"section"}],"settings":[],"metadata":[]}