{"content":[{"id":"65401316","settings":[],"elements":[{"id":"288cd803","settings":{"_column_size":100,"_inline_size":null},"elements":[{"id":"3b6edf1a","settings":{"shortcode":"[add_to_cart id=\"17\"]"},"elements":[],"isInner":false,"widgetType":"shortcode","elType":"widget"},{"id":"52e2d9ce","settings":{"shortcode":"[woocommerce_checkout]"},"elements":[],"isInner":false,"widgetType":"shortcode","elType":"widget"}],"isInner":false,"elType":"column"}],"isInner":false,"elType":"section"}],"settings":[],"metadata":[]}