{"content":[{"id":"9a36e42","settings":{"structure":"30","mangocube_pro_live_btn_text":"Live Copy","mangocube_pro_live_btn_after_copy_text":"Copied","mangocube_pro_live_link":"#","woo_ready_pro_conditional_content_list":[]},"elements":[{"id":"3aa91c64","settings":{"_column_size":33,"_inline_size":null},"elements":[],"isInner":false,"elType":"column"},{"id":"5519f4c5","settings":{"_column_size":33,"_inline_size":null},"elements":[{"id":"53cc27b8","settings":{"woo_ready_pro_protected_button_text":"Submit"},"elements":[],"isInner":false,"widgetType":"product_title","elType":"widget"}],"isInner":false,"elType":"column"},{"id":"437b926a","settings":{"_column_size":33,"_inline_size":null},"elements":[{"id":"56f2b07d","settings":{"woo_ready_pro_protected_button_text":"Submit","wready_product_id":"23","add_to_cart_var_attr_select_fld":"none","w_ready_table_layout":"list"},"elements":[],"isInner":false,"widgetType":"product_add_to_cart","elType":"widget"}],"isInner":false,"elType":"column"}],"isInner":false,"elType":"section"},{"id":"73b16718","settings":{"mangocube_pro_live_btn_text":"Live Copy","mangocube_pro_live_btn_after_copy_text":"Copied","mangocube_pro_live_link":"#","woo_ready_pro_conditional_content_list":[]},"elements":[{"id":"2bf270c4","settings":{"_column_size":100,"_inline_size":null},"elements":[],"isInner":false,"elType":"column"}],"isInner":false,"elType":"section"}],"settings":{"hide_title":"yes"},"metadata":[]}