{"content":[{"id":"1adb31e0","settings":{"layout":"full_width","mangocube_pro_live_btn_text":"Live Copy","mangocube_pro_live_btn_after_copy_text":"Copied","mangocube_pro_live_link":"#","woo_ready_pro_conditional_content_list":[]},"elements":[{"id":"b54c794","settings":{"_column_size":100,"_inline_size":null},"elements":[{"id":"51edf30d","settings":{"username_label":"Username or email address","password_label":"Username or email address","username_placeholder":"Username or email address","password_placeholder":"Username or email address","button_text":"Submit","woo_ready_pro_protected_button_text":"Submit"},"elements":[],"isInner":false,"widgetType":"login_register_login","elType":"widget"}],"isInner":false,"elType":"column"}],"isInner":false,"elType":"section"}],"settings":[],"metadata":[]}