{"content":[{"id":"503e22fd","settings":[],"elements":[{"id":"10aa44ec","settings":{"_column_size":100,"_inline_size":null},"elements":[{"id":"7eac1c2c","settings":{"lost_password_message":"Password reset email has been sent."},"elements":[],"isInner":false,"widgetType":"login_register_lost_pass_msg","elType":"widget"},{"id":"47c5b14c","settings":[],"elements":[],"isInner":false,"widgetType":"login_register_lost_pass_error","elType":"widget"},{"id":"3cfc1814","settings":{"lost_password_title":"recover Password?","lost_password_input_label":"Username or Email","lost_password_btn_label":"Reset Password","lost_password_form_msg":"Lost your password? Please enter your username or email address. You will receive a link to create a new password via email.","login_register_lost_pass_WooReadyLpassl_text_color":"#DE0606"},"elements":[],"isInner":false,"widgetType":"login_register_lost_pass","elType":"widget"}],"isInner":false,"elType":"column"}],"isInner":false,"elType":"section"},{"id":"15ebc95d","settings":{"structure":"20","mangocube_pro_live_btn_text":"Live Copy","mangocube_pro_live_btn_after_copy_text":"Copied","mangocube_pro_live_link":"#","woo_ready_pro_conditional_content_list":[]},"elements":[{"id":"1eb3bcc1","settings":{"_column_size":50,"_inline_size":null},"elements":[{"id":"52708acf","settings":{"username_label":"Username or email address","password_label":"Username or email address","username_placeholder":"Username or email address","password_placeholder":"Username or email address","remember_text":"Remember Me","button_text":"Submit","woo_ready_pro_protected_button_text":"Submit"},"elements":[],"isInner":false,"widgetType":"login_register_login","elType":"widget"}],"isInner":false,"elType":"column"},{"id":"1107c327","settings":{"_column_size":50,"_inline_size":null},"elements":[{"id":"7a6871f7","settings":{"generate_pass_message":"A password will be sent to your email address","woo_ready_pro_protected_button_text":"Submit","username_label":"Username ","email_label":"Email address","password_label":"Password","username_placeholder":"","email_placeholder":"","password_placeholder":"","button_text":"Submit","login_register_user_generate_PrivacyOnBoxStyle_alignment":"left","login_register_user_generate_PrivacyOnBoxStyle_text_color":"#D42323","login_register_user_generate_UsrBoxStyle_section___section_show_hide_name__woo_ready___display":"flex","login_register_user_generate_UsrBoxStyle_section___section_flex_direction_name__woo_ready___display":"column","login_register_user_generate_EmailBoxStyle_background_background":"classic","login_register_user_generate_EmailBoxStyle_background_color":"#CA4040","login_register_user_generate_EmailBoxStyle_section___section_show_hide_email__woo_ready___display":"flex","login_register_user_generate_EmailBoxStyle_section___section_flex_direction_email__woo_ready___display":"column","login_register_user_generate_ButtonWrapperStyle_background_color":"#A46060","login_register_user_generate_ButtonWrapperStyle_section___section_show_hide_buton__wrapper_ready___display":"flex","login_register_user_generate_ButtonWrapperStyle_section___section_flex_direction_buton__wrapper_ready___display":"row","login_register_user_generate_MainregisterBoxStyle_background_color":"#B41010","login_register_user_generate_BtnIBoxStyle_text_color":"#D61F1F","hover_btmn_i_woo_ready___color":"#000DB6","hover_btmn_i_woo_ready___border_border":"solid","hover_btmn_i_woo_ready___border_width":{"unit":"px","top":"1","right":"1","bottom":"1","left":"1","isLinked":true},"hover_btmn_i_woo_ready___border_color":"#0B0101","login_register_user_generate_PassLblBoxStyle_alignment":"center","login_register_user_generate_PassLblBoxStyle_typography_typography":"custom","login_register_user_generate_PassLblBoxStyle_typography_font_size":{"unit":"px","size":38,"sizes":[]},"login_register_user_generate_PassLblBoxStyle_text_color":"#DA1A1A","login_register_user_generate_BtnIBoxStyle_alignment":"left","login_register_user_generate_UsrBoxStyle_background_color":"#D21515","login_register_user_generate_PasswordBoxStyle_section___section_show_hide_password__woo_ready___display":"flex","login_register_user_generate_PasswordBoxStyle_section___section_flex_direction_password__woo_ready___display":"column","login_register_user_generate_UsernameInputBoxStylesinput_bo_text_color":"#E60202","login_register_user_generate_UsernameInputBoxStylesinput_box_hover_color":"#00679F","login_register_user_generate_EmailInputBoxStylesinput_bo_text_color":"#FFFFFF","login_register_user_generate_PasswordInputBoxStylesinput_bo_text_color":"#F41818","login_register_user_generate_PasswordInputBoxStylesinput_box_hover_color":"#0A03D8","login_register_user_generate_UsermnameLblBoxStyle_alignment":"center","login_register_user_generate_UsermnameLblBoxStyle_text_color":"#D10000","login_register_user_generate_EmailLblStyle_alignment":"center","button_icon":{"value":"far fa-angry","library":"fa-regular"},"icon_align":"left","login_register_user_generate_BtnIconBoxStyle_text_color":"#DBD7D7"},"elements":[],"isInner":false,"widgetType":"login_register_user_generate","elType":"widget"}],"isInner":false,"elType":"column"}],"isInner":false,"elType":"section"}],"settings":[],"metadata":[]}