{"content":[],"settings":{"template":"default","system_colors":[{"_id":"primary","title":"Primary","color":"#6EC1E4"},{"_id":"secondary","title":"Secondary","color":"#54595F"},{"_id":"text","title":"Text","color":"#7A7A7A"},{"_id":"accent","title":"Accent","color":"#61CE70"}],"custom_colors":[],"system_typography":[{"_id":"primary","title":"Primary","typography_typography":"custom","typography_font_family":"Roboto","typography_font_weight":"600"},{"_id":"secondary","title":"Secondary","typography_typography":"custom","typography_font_family":"Roboto Slab","typography_font_weight":"400"},{"_id":"text","title":"Text","typography_typography":"custom","typography_font_family":"Roboto","typography_font_weight":"400"},{"_id":"accent","title":"Accent","typography_typography":"custom","typography_font_family":"Roboto","typography_font_weight":"500"}],"custom_typography":[],"default_generic_fonts":"Sans-serif","page_title_selector":"h1.entry-title","viewport_md":768,"viewport_lg":1025,"image_border_radius":{"unit":"px","top":"0","right":"0","bottom":"0","left":"0","isLinked":false},"image_opacity":{"unit":"px","size":1,"sizes":[]},"container_width":{"unit":"px","size":1170,"sizes":[]},"space_between_widgets":{"unit":"px","size":11,"sizes":[]},"activeItemIndex":2,"hello_header_menu":"32","hello_footer_copyright_text":"All rights reserved","hello_header_logo_display":"","hello_header_tagline_display":"","hello_header_layout":"stacked","hello_header_background_background":"classic","hello_header_background_color":"#8B2727","hello_header_menu_dropdown":"none","hello_footer_menu":"32","hello_footer_menu_color":"#B21414","hello_header_custom_width":{"unit":"px","size":570,"sizes":[]},"wr_banner_title":"dasdcasdasd","hello_header_menu_display":"","wr_checkout_address_select":"billing_first_name","wr_checkout_billing_address_list":[{"_id":"290e23b","list_field":"billing_first_name","list_label_change":"yes","list_col_wdith":"flex-basis:col-12","list_title":"First Name","list_required":"yes"},{"_id":"43536ab","list_field":"billing_last_name","list_label_change":"yes","list_title":"Last Name","list_col_wdith":"flex-basis:col-12"},{"_id":"b23396f","list_field":"billing_email","list_label_change":"yes","list_title":"Email","list_required":"yes","list_col_wdith":"flex-basis:col-12"},{"_id":"fcb1d03","list_title":"Company Name","list_field":"billing_company","list_disable":"yes"},{"_id":"54b35e7","list_field":"billing_address_1","list_label_change":"yes","list_title":"Street","list_disable":"yes"},{"_id":"a510cc1","list_field":"billing_address_2","list_disable":"yes","list_label_change":"yes","list_title":"ApartMent"},{"_id":"c430213","list_field":"billing_city","list_label_change":"yes","list_title":"Town","list_disable":"yes"},{"_id":"7a4e3e3","list_field":"billing_state","list_label_change":"yes","list_title":"District","list_disable":"yes"},{"_id":"efbafea","list_field":"billing_postcode","list_disable":"yes","list_label_change":"yes","list_title":"Post"},{"_id":"a64dc87","list_field":"billing_phone","list_disable":"yes","list_label_change":"yes","list_title":"Phone"},{"_id":"5d1d1d8","list_label_change":"yes","list_title":"kjnlk","list_required":"yes","list_col_wdith":"flex-basis:col-4","list_field":"billing_country"}],"wr_checkout_shipping_address_list":[{"_id":"80a0f3e","list_priority":1,"list_field":"shipping_address_2","list_disable":"yes"},{"_id":"f90acb2","list_field":"shipping_country","list_label_change":"yes","list_title":"My Country","list_required":"yes","list_priority":"0"}],"image_css_filters_css_filter":"custom","image_hover_opacity":{"unit":"px","size":1,"sizes":[]},"image_hover_css_filters_blur":{"unit":"px","size":4.4,"sizes":[]},"image_hover_css_filters_brightness":{"unit":"px","size":200,"sizes":[]},"image_hover_css_filters_contrast":{"unit":"px","size":68,"sizes":[]},"form_field_text_color":"#B71919","wr_checkout_address_modify":"yes","disable_shipping_address":"yes","wr_checkout_auto_update":"yes","wr_order_button_text":"Place Order global","wr_checkout_order_review_price":"yes","wr_checkout_order_btn_sep_row":"yes","wr_checkout_terms":"","woo_ready_product_compare_modal_animation":"threed-rotate-in-left","woo_ready_product_cmp_modal_dimension":{"width":"800","height":"600"},"woo_ready_product_cmp_modal_width":{"unit":"%","size":74,"sizes":[]},"woo_ready_product_cmp_modal_max_width":{"unit":"px","size":745,"sizes":[]},"woo_ready_product_cmp_modal_height":{"unit":"%","size":78,"sizes":[]},"woo_ready_product_cmp_modal_min_height":{"unit":"%","size":67,"sizes":[]},"woo_ready_pop_up_container__border_border":"solid","woo_ready_pop_up_container__border_width":{"unit":"px","top":"3","right":"3","bottom":"3","left":"3","isLinked":true},"woo_ready_pop_up_container__border_color":"#0794A9","woo_ready_pop_up_container__border__radius":{"unit":"px","size":10,"sizes":[]},"woo_ready_product_compare_modal_scroll_color":"#CB6363","woo_ready_pop_up_container__margin":{"unit":"px","top":"0","right":"0","bottom":"0","left":"0","isLinked":false},"woo_ready_pop_up_container__bgcolor_color":"#1A005C","woo_ready_pop_up_container__padding":{"unit":"px","top":"0","right":"2","bottom":"0","left":"9","isLinked":false},"woo_ready_pop_up_container__color":"#ECD7D7","woo_ready_pop_up_container__bgcolor_color_stop":{"unit":"%","size":37,"sizes":[]},"woo_ready_pop_up_container__bgcolor_color_b_stop":{"unit":"%","size":53,"sizes":[]},"woo_ready_pop_up_container__bgcolor_gradient_type":"radial","woo_ready_pop_up_container__bgcolor_gradient_position":"top center","woo_ready_pop_up_body__font_typography":"custom","woo_ready_pop_up_body__font_font_size":{"unit":"px","size":28,"sizes":[]},"woo_ready_pop_up_close_btn_color":"#EAEAEA","woo_ready_pop_up_close_btn_hover_color":"#9F7474","woo_ready_pop_up_close_btn_typography_typography":"custom","woo_ready_pop_up_close_btn_typography_text_transform":"uppercase","woo_ready_pop_up_close_btn_typography_text_decoration":"line-through","woo_ready_pop_up_close_btn_padding":{"unit":"px","top":"0","right":"0","bottom":"0","left":"0","isLinked":false},"woo_ready_pop_up_close_btn_bgcolor_color":"#040101","woo_ready_pop_up_close_btn__r_position_top":{"unit":"px","size":0,"sizes":[]},"woo_ready_pop_up_contain_bgcolor_background":"gradient","woo_ready_pop_up_contain_bgcolor_color":"#F37A7A","woo_ready_pop_up_container__bgcolor_color_b":"#091D4A","woo_ready_pop_up_title_color":"#F2E3E3","woo_ready_pop_up_title_font_typography":"custom","woo_ready_pop_up_title_font_font_size":{"unit":"px","size":28,"sizes":[]},"woo_ready_pop_up_title_bgcolor_background":"classic","woo_ready_pop_up_title_bgcolor_color":"#0E0101","woo_ready_pop_up_title_padding":{"unit":"px","top":"0","right":"50","bottom":"0","left":"50","isLinked":false},"woo_ready_pop_up_title_ctext_align":"left","woo_ready_wc_modal_pop_overlay_color":"#170969A1","woo_ready_product_compare_heading":"Products Compare","woo_ready_pop_up_close_btn__r_position_right":{"unit":"px","size":0,"sizes":[]},"woo_ready_product_compare_close_text":"","woo_ready_product_compare_close_icon":{"value":"fas fa-window-close","library":"fa-solid"},"woo_ready_enable_product_compare_show_heading":"","woo_ready_enable_product_compare_template_id":"1088","woo_ready_product_compare_button_text":"View Compare","woo_ready_product_compare_button_shop_text":"Return Shop","woo_ready_product_wishlist_button_text":"View","woo_ready_product_wishlist_button_shop_text":"Return Shop","woo_ready_product_wishlist_close_text":"","woo_ready_product_wishlist_heading":"Products wishlist","woo_ready_pop_upw_title_color":"#E30505","woo_ready_pop_up_titlew_font_typography":"custom","woo_ready_pop_up_titlew_font_font_size":{"unit":"vw","size":1.1,"sizes":[]},"woo_ready_pop_up_titlew_bgcolor_background":"classic","woo_ready_pop_up_titlew_bgcolor_color":"#3C0B0B","woo_ready_pop_up_close_btn_wishlist_color":"#FFFFFF","woo_ready_pop_up_closew_btn_wish_r_position_top":{"unit":"px","size":5,"sizes":[]},"woo_ready_enable_product_wishlist_template_id":"3","woo_ready_product_wishlist_icon":{"value":"fas fa-shopping-basket","library":"fa-solid"},"woo_ready_product_wishlist_close_icon":{"value":"far fa-calendar-check","library":"fa-regular"},"woo_ready_product_wishlist_modal_animation":"threed-slit","woo_ready_wc_modal_pop_wlist_overlay_color":"#F8EEEE6E","woo_ready_pop_up_container__border_w_radius":{"unit":"px","size":0,"sizes":[]},"woo_ready_pop_up_containw_bgcolor_background":"classic","woo_ready_pop_up_title_wpadding":{"unit":"px","top":"10","right":"0","bottom":"10","left":"0","isLinked":false},"woo_ready_pop_up_container_wishlist_color":"#FFFFFF","woo_ready_pop_up_container_w_bgcolor_background":"classic","woo_ready_pop_up_container_w_bgcolor_color":"#100E0E","woo_ready_pop_up_closew_btn__wishlist_position_right":{"unit":"px","size":10,"sizes":[]},"woo_ready_enable_product_wishlist_template_enable":"","woo_ready_product_wishlist_modal_width":{"unit":"%","size":100,"sizes":[]},"woo_ready_product_wishlist_modal_min_width":{"unit":"%","size":91,"sizes":[]},"woo_ready_product_wishlist_modal_max_width":{"unit":"%","size":96,"sizes":[]},"woo_ready_product_wishlist_modal_height":{"unit":"%","size":100,"sizes":[]},"woo_ready_product_wishlist_modal_min_height":{"unit":"%","size":75,"sizes":[]},"woo_ready_product_wishlist_add_to_cart_text":"Add To Cart","woo_ready_product_wishlist_layout":"","woo_ready_pop_up_closew_btn_wish_quickview_position_top":{"unit":"px","size":5,"sizes":[]},"woo_ready_pop_up_closew_btn__quickview_position_right":{"unit":"px","size":6,"sizes":[]},"woo_ready_enable_product_quickview_template_id":"1228","woo_ready_product_quickview_button_text":"quickview","woo_ready_product_quickview_icon":{"value":"fas fa-eye","library":"fa-solid"},"woo_ready_product_quickview_add_to_cart_text":"Add To Cart","woo_ready_product_quickview_close_text":"","woo_ready_product_quickview_close_icon":{"value":"far fa-window-close","library":"fa-regular"},"woo_ready_product_quickview_heading":"Products quickview","woo_ready_product_quickview_modal_width":{"unit":"%","size":97,"sizes":[]},"woo_ready_product_quickview_modal_min_width":{"unit":"px","size":415,"sizes":[]},"woo_ready_product_quickview_modal_min_height":{"unit":"%","size":67,"sizes":[]},"woo_ready_product_quickview_modal_max_width":{"unit":"%","size":100,"sizes":[]},"woo_ready_product_quickview_modal_height":{"unit":"%","size":98,"sizes":[]},"woo_ready_product_quickview_modal_overflow_y":"scroll","woo_ready_product_quickview_layout":"","woo_ready_product_compare_icon":{"value":"fas fa-hamsa","library":"fa-solid"},"woo_ready_product_grid_stock_seperator":"\/","wooready_products_archive_shop_grid_cart_icon":{"value":"fas fa-cart-plus","library":"fa-solid"},"woo_ready_product_wishlist_text":"Wish","woo_ready_product_quickview_text":"QuickView","wooready_products_archive_shop_grid_style":"classic"},"metadata":[]}